msgLen;blockLen;HDR_MESSAGETYPE;schemaID;versionID;HDR_TOPICID;HDR_PARTITIONID;HDR_BATCHID;HDR_OFFSETID;HDR_PRODUCETIME;HDR_CONSUMETIME;HDR_THREADID;HDR_MIC;ENR_ISIN;ENR_PRICEDECIMALS;ENR_AMOUNTDECIMALS;ENR_QUANTITYDECIMALS;ENR_INSTRUMENTID;ENR_INSTRUMENTGROUPCODE;ENR_OFFICIALSEGMENT;ENR_TRADINGCURRENCY;ENR_CURRENCYCOEFFICIENT;ENR_TRADINGCURRENCYINDICATOR;ENR_POOLFACTOR;ENR_INSTRUMENTDECIMALSRATIO;produceTime;consumeTime;reportingRegulatorTID;reportingRegulatorName;countryCode3;reportingRegulatorID;batchID
91;81;12217;0;331;MTXCREFD;0;;848;1707914683004796672;16882754668947189267;K2CDWMTXCREFD;-;;;;;;;;;;;;;1707914683004796672;16882754668947189267;8925141198868309393;MEmzY1KMC5GNMpNeOE4LDQihrKa14aCnqnJy3BcEeXdkaLXeQ7;00g;yqB;1
91;81;12217;0;331;MTXCREFD;0;;849;1707914683005632512;4089005595175314047;K2CDWMTXCREFD;-;;;;;;;;;;;;;1707914683005632512;4089005595175314047;7846917666243278402;RmXbDOvZJhMcuoekQaieAnmKmrsFy4jXHfJselJvUoCLp1ps9u;5Of;7et;1
91;81;12217;0;331;MTXCREFD;0;;850;1707914683006450432;16749157384714537166;K2CDWMTXCREFD;-;;;;;;;;;;;;;1707914683006450432;16749157384714537166;1401966898621210260;4UGWn987YcAF7pXMWpgoXNr3O1GFqi4TmWFVrXjJiSjj0JyzK7;EdA;dW8;1
91;81;12217;0;331;MTXCREFD;0;;851;1707914683007261440;10029458418794898967;K2CDWMTXCREFD;-;;;;;;;;;;;;;1707914683007261440;10029458418794898967;4889927144972715072;7dZW3h2YijKUO4hG8rum1ffdWO0lyi32cIo5jDiiGhmipYUElM;JnS;XDg;1
91;81;12217;0;331;MTXCREFD;0;;852;1707914683008043776;9855436131628953484;K2CDWMTXCREFD;-;;;;;;;;;;;;;1707914683008043776;9855436131628953484;16206257402929862339;nJVaiG95EGnLrYgU89CqSNCR601ynBRwHWojowIQRAaeHFnDZz;Wgc;CWU;1
91;81;12217;0;331;MTXCREFD;0;;853;1707914683008826368;2722439152735534069;K2CDWMTXCREFD;-;;;;;;;;;;;;;1707914683008826368;2722439152735534069;9190391253386334432;iranzE3qHK8BFnG6ynFUY2ZeRiuy5ZFVMZHLuCUBRmPmVdr9hX;2Kf;j4t;1
91;81;12217;0;331;MTXCREFD;0;;854;1707914683009601024;5709926454658820086;K2CDWMTXCREFD;-;;;;;;;;;;;;;1707914683009601024;5709926454658820086;6919451496042323995;PMxSkpyRUhtCsmkcOkDap3vHWc5tXo1ZP4rBxX1v7UkAh15gTc;W2M;grO;1
91;81;12217;0;331;MTXCREFD;0;;855;1707914683010390528;5131947623748021207;K2CDWMTXCREFD;-;;;;;;;;;;;;;1707914683010390528;5131947623748021207;5444183227936722014;C2T5iYFPHC32Zp2U6vIZbCMBbgmv9wy8IQevHX0Jg5LA5LXmVd;2d8;W3P;1
91;81;12217;0;331;MTXCREFD;0;;856;1707914683011175168;15079877933197185309;K2CDWMTXCREFD;-;;;;;;;;;;;;;1707914683011175168;15079877933197185309;10820986067904630988;yVjwMdUYuI2CJR1D2vgHlEyeavPSuSzO9WQPoAk8rNGpNVRFPp;2rf;Yuo;1
91;81;12217;0;331;MTXCREFD;0;;857;1707914683011955200;17233666766354064547;K2CDWMTXCREFD;-;;;;;;;;;;;;;1707914683011955200;17233666766354064547;7334280807352652053;GlEqzWGIPHMloEiWTemSyaq954ZaiJH3xfVn4utWTn25w6llUv;0Jf;25T;1
91;81;12217;0;331;MTXCREFD;0;;858;1707914683012731136;4274303821317795748;K2CDWMTXCREFD;-;;;;;;;;;;;;;1707914683012731136;4274303821317795748;7237616530664385770;HD7fEfIitkCn6sUpoqJNTjkoOp888u9pGIHq3l8dqtr6uzseYH;GsP;eVJ;1
91;81;12217;0;331;MTXCREFD;0;;859;1707914683013509120;5205096361047161304;K2CDWMTXCREFD;-;;;;;;;;;;;;;1707914683013509120;5205096361047161304;4782592683330490249;q87huksX2OMwKF99McaLxthOnruB4GUxBAOqpdtk93hQ4tYoOK;qXE;GJv;1
91;81;12217;0;331;MTXCREFD;0;;860;1707914683014287616;1845087048048021225;K2CDWMTXCREFD;-;;;;;;;;;;;;;1707914683014287616;1845087048048021225;16509947065627514167;w5UB93otCRS0GsayJb5M1sge19upfEJC1SLnP7Y5hRESg1cnFb;EqE;LkN;1
91;81;12217;0;331;MTXCREFD;0;;861;1707914683015070976;13781187784801325399;K2CDWMTXCREFD;-;;;;;;;;;;;;;1707914683015070976;13781187784801325399;3516213435703046206;rlYmfWnhEABiLoyAPMzhUf3ZDksnT4P9KJdpEpH5aP1mOiO9oe;osb;2DM;1
91;81;12217;0;331;MTXCREFD;0;;862;1707914683015845632;10009797192962021862;K2CDWMTXCREFD;-;;;;;;;;;;;;;1707914683015845632;10009797192962021862;13107637618099986821;6ylnu5tSLFgngaJaztrkttyT3hBgAGS031jbphZc4APtQ8coHN;1DY;T5z;1
91;81;12217;0;331;MTXCREFD;0;;863;1707914683016628224;8521687733136140359;K2CDWMTXCREFD;-;;;;;;;;;;;;;1707914683016628224;8521687733136140359;17949979147518613979;o3s7SJI6WgVtWWedrLBUkKu84I9vCCB2WyIdy8bz4vw9jF2aGb;rsl;hnu;1
91;81;12217;0;331;MTXCREFD;0;;864;1707914683017407488;13428021857323067164;K2CDWMTXCREFD;-;;;;;;;;;;;;;1707914683017407488;13428021857323067164;11072404953614462004;888G0LCqE6yXm35R0icNeO8UDVPpZkwUSDLVPr7wOYU0jOU8XZ;SuR;wZ7;1
91;81;12217;0;331;MTXCREFD;0;;865;1707914683018198016;8040742188781584990;K2CDWMTXCREFD;-;;;;;;;;;;;;;1707914683018198016;8040742188781584990;17694071882788018607;WcO1mWkncE9ZzhPWFPFqZklSn99YakBTxwkoNbi2q9d7rxbQLE;UQQ;A8M;1
91;81;12217;0;331;MTXCREFD;0;;866;1707914683018975744;7421809105699720832;K2CDWMTXCREFD;-;;;;;;;;;;;;;1707914683018975744;7421809105699720832;4827355153248438682;IMOU23Jr1L9ziBkvhnT4xTl3nAup0eqsDDFOTqgbepAD2oOGW3;ckW;3RS;1
91;81;12217;0;331;MTXCREFD;0;;867;1707914683019754496;3170889920365023297;K2CDWMTXCREFD;-;;;;;;;;;;;;;1707914683019754496;3170889920365023297;1815327329713066398;AtInD2Pb7a6lwFIxhIVZxESXCCMIJbev9lqgoBfi7h0yh6Plin;qYZ;puJ;1
91;81;12217;0;331;MTXCREFD;0;;868;1707914683020520448;10534591709017417589;K2CDWMTXCREFD;-;;;;;;;;;;;;;1707914683020520448;10534591709017417589;3002238120190081905;g3QF1ujifd0NdwKp93irxuLIuBI7nUNGqm33tKzn57L8BCVLxi;QFZ;31y;1
91;81;12217;0;331;MTXCREFD;0;;869;1707914683021307392;5265902719035529253;K2CDWMTXCREFD;-;;;;;;;;;;;;;1707914683021307392;5265902719035529253;13711565546973959993;SkqSrKuHhZNJ4z3z2VPa4V2LOqUM3oUNAP8cgDyh1sNGB4FjmY;QVZ;SXo;1
91;81;12217;0;331;MTXCREFD;0;;870;1707914683022079488;13795119465983846135;K2CDWMTXCREFD;-;;;;;;;;;;;;;1707914683022079488;13795119465983846135;2013791724617371754;C6EHBAHIZD22cipVClatczBClVi2hSuh9RT51SuIAlxjD54DSF;PLx;Na0;1
91;81;12217;0;331;MTXCREFD;0;;871;1707914683022863616;13262222565093714949;K2CDWMTXCREFD;-;;;;;;;;;;;;;1707914683022863616;13262222565093714949;18241465666817732484;zYXgwpU1go4xZPaKLsbWdLjwA2EiO3VJ0kDSJED9RUAKZIheFx;OUt;Vbo;1
91;81;12217;0;331;MTXCREFD;0;;872;1707914683023632128;17992075729206005437;K2CDWMTXCREFD;-;;;;;;;;;;;;;1707914683023632128;17992075729206005437;8275677897687716774;1Ipov7oVqNZxRbNpxR0R5nD6okeXDux7TWYFiIP15NxpcHi3Kf;HHh;6JL;1
91;81;12217;0;331;MTXCREFD;0;;873;1707914683024408832;872923950023002521;K2CDWMTXCREFD;-;;;;;;;;;;;;;1707914683024408832;872923950023002521;16360817926898041608;wEI8UQx6ifsBuN78hS5GWrmuQYHe8OvRhZfJ9rY7xQA0OCOUAb;jqo;uRu;1
91;81;12217;0;331;MTXCREFD;0;;874;1707914683025188352;11282230574310235275;K2CDWMTXCREFD;-;;;;;;;;;;;;;1707914683025188352;11282230574310235275;14186211969040097158;7ITnfgdU2Sggy0kSc3RtM1G5Aeu9BOafgmjRC8O7oCQRKCgeg5;WFA;CZa;1
91;81;12217;0;331;MTXCREFD;0;;875;1707914683025978880;7161722019334541992;K2CDWMTXCREFD;-;;;;;;;;;;;;;1707914683025978880;7161722019334541992;5105430727532790728;sn8SfdIS9JxkpsaAWrzsP5dtkPJdPreXjqBv1XgOatpCaRdi5a;kgl;RkF;1
91;81;12217;0;331;MTXCREFD;0;;876;1707914683026757376;5532149322825468657;K2CDWMTXCREFD;-;;;;;;;;;;;;;1707914683026757376;5532149322825468657;15773665915684772446;QYQZBsLeR5LjUBDZDL4knyhWlLFo7u1KvkF6qrTl8qnUw9vbq1;xu4;jkF;1
91;81;12217;0;331;MTXCREFD;0;;877;1707914683027537664;7203785898527179427;K2CDWMTXCREFD;-;;;;;;;;;;;;;1707914683027537664;7203785898527179427;5586929772468644934;f7ORGVZonbGH0Nz0vXPrQqYu8yGHpn1eHpTsXhKK9uXHkM3tM5;GUU;Ayy;1
91;81;12217;0;331;MTXCREFD;0;;878;1707914683028316928;9690187008038092923;K2CDWMTXCREFD;-;;;;;;;;;;;;;1707914683028316928;9690187008038092923;18431347352478912974;2gDRN12xHOOqed37ZtWiSo8KLJX390xG3ET17hgAfyoHWctBJF;yHI;zZY;1
91;81;12217;0;331;MTXCREFD;0;;879;1707914683029093632;7321909535200218575;K2CDWMTXCREFD;-;;;;;;;;;;;;;1707914683029093632;7321909535200218575;5495917276474290937;ZDU6oOgjzUR19qMWCbE9NH7zamc63mOe887DZLqInRGR1lZNqo;36q;LeH;1
91;81;12217;0;331;MTXCREFD;0;;880;1707914683029863936;10397860640807137876;K2CDWMTXCREFD;-;;;;;;;;;;;;;1707914683029863936;10397860640807137876;17620842594324676825;KtjZ1K0Fq8jcxifYJdJxjeG1YQ7Vw478DDeRI4pP9d3fljfjjl;01v;de0;1
91;81;12217;0;331;MTXCREFD;0;;881;1707914683030641920;3365887130045571358;K2CDWMTXCREFD;-;;;;;;;;;;;;;1707914683030641920;3365887130045571358;2374826418907918629;Y9NB7qphUpKj6DLK96F7CnCdzmJWY21TDU6x4y1NKgroLd84Jx;ifO;XTC;1
91;81;12217;0;331;MTXCREFD;0;;882;1707914683031418880;12590811422377676952;K2CDWMTXCREFD;-;;;;;;;;;;;;;1707914683031418880;12590811422377676952;6090977082432953931;h9gZ7qNCk2I7K1HMLfo3z0V7P9Rn5ctOkzvM75g2z13ep7xe4q;Z7L;bZr;1
91;81;12217;0;331;MTXCREFD;0;;883;1707914683032201984;17132036411419620314;K2CDWMTXCREFD;-;;;;;;;;;;;;;1707914683032201984;17132036411419620314;13480653887187110340;j6UBoPNDyydJd8dL4mZZGGiI30vQwwaCIYXNSNMriISPzqc3SB;4Ae;ynp;1
91;81;12217;0;331;MTXCREFD;0;;884;1707914683032980224;2145676663066752375;K2CDWMTXCREFD;-;;;;;;;;;;;;;1707914683032980224;2145676663066752375;8259040827200733432;jFENR8vkUAdgeTcyUWTjzbesWflhnxPEbs0LBXBUSuesgSPlkT;4XL;bw2;1
91;81;12217;0;331;MTXCREFD;0;;885;1707914683033764864;1130009790031114404;K2CDWMTXCREFD;-;;;;;;;;;;;;;1707914683033764864;1130009790031114404;15994700460614889042;qnQz5mdxra5WdZDNOb0TrfMC8T0Zq7dbTSj1TfVngY5lVhuyXf;zuh;yak;1
91;81;12217;0;331;MTXCREFD;0;;886;1707914683034536704;3489926189563080007;K2CDWMTXCREFD;-;;;;;;;;;;;;;1707914683034536704;3489926189563080007;3568632671638406538;Qa8Nyk9QQgx4q2JGvP58XZdMUBurNByMPyvXGS4GUW5xMKWuJr;Cq2;DuV;1
91;81;12217;0;331;MTXCREFD;0;;887;1707914683035321600;330600638233221077;K2CDWMTXCREFD;-;;;;;;;;;;;;;1707914683035321600;330600638233221077;12705154343144485148;JdWPBcuAX7PtPGZd2UNNolL85iS6wC7vCT6HaoIRZu2oAmD2AP;z2J;OoX;1
91;81;12217;0;331;MTXCREFD;0;;888;1707914683036094720;609229913010031938;K2CDWMTXCREFD;-;;;;;;;;;;;;;1707914683036094720;609229913010031938;14727395048543641892;NFwuk3oc2YypPMnYyPzlCmRTmOlBb7d6XDS6C9oRkvXInH83bl;eJe;r0y;1
91;81;12217;0;331;MTXCREFD;0;;889;1707914683036879104;11537478293126004966;K2CDWMTXCREFD;-;;;;;;;;;;;;;1707914683036879104;11537478293126004966;1985682429668371084;PYif3kJf3U7Yz4jXHUmvsJIKEms1z7KAuta82Fc0IpmOB7F6gJ;kwC;cW1;1
91;81;12217;0;331;MTXCREFD;0;;890;1707914683037643520;5616223499735680896;K2CDWMTXCREFD;-;;;;;;;;;;;;;1707914683037643520;5616223499735680896;925875165898524276;IgXxfZ98fXPOsxysHkneMuvQJcVR8cKsiX0ghAEV47nU6qkw6q;L8u;uVV;1
91;81;12217;0;331;MTXCREFD;0;;891;1707914683038432768;15152652901851489761;K2CDWMTXCREFD;-;;;;;;;;;;;;;1707914683038432768;15152652901851489761;9239075822296550266;A3JDJ63ljwTm1viZ1mLAfoHzV447omnD1Pvzu3A41meDDqAhOc;eoq;qCi;1
91;81;12217;0;331;MTXCREFD;0;;892;1707914683039205376;15121212628422382710;K2CDWMTXCREFD;-;;;;;;;;;;;;;1707914683039205376;15121212628422382710;9653988549408982968;RGVdDMGib2SArvjvLCegx43S2elODo60VKgsI2WMDQsvQlGgL2;KZp;RhC;1
91;81;12217;0;331;MTXCREFD;0;;893;1707914683039983360;9471018566594294682;K2CDWMTXCREFD;-;;;;;;;;;;;;;1707914683039983360;9471018566594294682;14800653265847141278;1XRl0RvpzQH5Closqpkw2BXZWQ3U5mty1i8HMkuTaOtuXhWw01;ElT;z0r;1
91;81;12217;0;331;MTXCREFD;0;;894;1707914683040762368;14867039728522946558;K2CDWMTXCREFD;-;;;;;;;;;;;;;1707914683040762368;14867039728522946558;14673555240681460730;qNw4Imh1XcrO4nf8xwdSRK5Qbt3Ty9dXBX86M46lEfbFbJ0B8X;phi;E2H;1
91;81;12217;0;331;MTXCREFD;0;;895;1707914683041539072;8465584179880790068;K2CDWMTXCREFD;-;;;;;;;;;;;;;1707914683041539072;8465584179880790068;17701249252420951982;mowKGJBWrW4kEZ4ePkFGl1A0h2WtrpUnBkKNAuw9TnXyAx5CIO;Y27;oMd;1
91;81;12217;0;331;MTXCREFD;0;;896;1707914683042309376;15172312496577034279;K2CDWMTXCREFD;-;;;;;;;;;;;;;1707914683042309376;15172312496577034279;3156543256935569881;ikqKAzbSMyM8yvfMiaPekZTVlZlIEkTJfzjYIkvmKnYzKvKm8p;ZfY;vHz;1
91;81;12217;0;331;MTXCREFD;0;;897;1707914683043089152;3178951722444493302;K2CDWMTXCREFD;-;;;;;;;;;;;;;1707914683043089152;3178951722444493302;3925897083566115162;dZnn8nTqicPXDMq3IsqY5bvZ4e9FvS6JDhjxO9cxVhWm0PsFOL;TtV;Gvm;1
91;81;12217;0;331;MTXCREFD;0;;898;1707914683043856896;8742717958832456556;K2CDWMTXCREFD;-;;;;;;;;;;;;;1707914683043856896;8742717958832456556;2377853186603421776;EnZ3zzBXBSGoT6xAQ2NmAJaj5HjD0pg5852hCRcMZErV7zrtfm;lsn;jAg;1
91;81;12217;0;331;MTXCREFD;0;;899;1707914683044627712;11461236239764237755;K2CDWMTXCREFD;-;;;;;;;;;;;;;1707914683044627712;11461236239764237755;3218890438125805502;jIkcsvpaOXIjAzRhEBhJYhWxWZ9V9y0N0enDrAe4ivdFNnTGrD;mBZ;3Lm;1
91;81;12217;0;331;MTXCREFD;0;;900;1707914683045399040;15826340620283459684;K2CDWMTXCREFD;-;;;;;;;;;;;;;1707914683045399040;15826340620283459684;15804957421696546206;3CvNbiwzbUvKdqrVijImUe6yvNiIVyE477Isauw2MiA7Pgo1T8;kvA;mty;1
91;81;12217;0;331;MTXCREFD;0;;901;1707914683046166784;13072494518656961819;K2CDWMTXCREFD;-;;;;;;;;;;;;;1707914683046166784;13072494518656961819;16318424111258077854;C4ejAw9DlQXOLA2k9gdy4aFgvGKEjsCFl2FojEZMWBpbdYuQx7;fwi;rey;1
91;81;12217;0;331;MTXCREFD;0;;902;1707914683046932224;7760723991666005399;K2CDWMTXCREFD;-;;;;;;;;;;;;;1707914683046932224;7760723991666005399;7949008359380978849;kUvCap4TCf0wzZi9hD0f9T89EAYlSdq6V5GAFKNmIqWPA0mdZ8;lgV;Lzj;1
91;81;12217;0;331;MTXCREFD;0;;903;1707914683047714560;3169100126558587065;K2CDWMTXCREFD;-;;;;;;;;;;;;;1707914683047714560;3169100126558587065;11105627164620635822;CCDKawGqMUIJlWD5gZHnckNlqG9mitzZ4BhlOvCzBB8WvTFjnV;2t0;mg5;1
91;81;12217;0;331;MTXCREFD;0;;904;1707914683048475904;7187384516027657203;K2CDWMTXCREFD;-;;;;;;;;;;;;;1707914683048475904;7187384516027657203;9853787707204371165;eA3iFezB2TPOPJ71nTxoFcMvauaOIi4Q7ZTLgUKfv7KwjiKNqr;M9h;DwM;1
91;81;12217;0;331;MTXCREFD;0;;905;1707914683049258496;1722214638666006584;K2CDWMTXCREFD;-;;;;;;;;;;;;;1707914683049258496;1722214638666006584;3808978205567710280;uDta9n7GMGQ6j3cCNnvvkkzBwtRaE7JGYEPS6ExOv4ekuFsO0L;HuK;GvL;1
91;81;12217;0;331;MTXCREFD;0;;906;1707914683050031616;13004255045315606373;K2CDWMTXCREFD;-;;;;;;;;;;;;;1707914683050031616;13004255045315606373;8868247541085937300;Mq106qfmQoCO4HpV97u5YjCin4XuQ98NBEkxCDksEYA12fLFdu;qOy;xAU;1
91;81;12217;0;331;MTXCREFD;0;;907;1707914683050814208;3096847073557956091;K2CDWMTXCREFD;-;;;;;;;;;;;;;1707914683050814208;3096847073557956091;8633684940002541077;mYflVf6hlw8dQFi5Vyk1DUsoe1E3rCmh4nUAMC5LIwmSFpPpPo;zOT;k7h;1
91;81;12217;0;331;MTXCREFD;0;;908;1707914683051586048;2699982219932404307;K2CDWMTXCREFD;-;;;;;;;;;;;;;1707914683051586048;2699982219932404307;10604587868887151647;pf0J9HZ3soE8d1T43skKblaS8srOEvE9zTUmNoSww2InkUw6yy;YVQ;s4H;1
91;81;12217;0;331;MTXCREFD;0;;909;1707914683052371968;12474273273326522357;K2CDWMTXCREFD;-;;;;;;;;;;;;;1707914683052371968;12474273273326522357;12591050350985556356;TKmhHhVKrndzGk66reVW1nroSiP1Vo73dEWhCPWO42BXeZasWn;PCX;47y;1
91;81;12217;0;331;MTXCREFD;0;;910;1707914683053146624;3210338502989150733;K2CDWMTXCREFD;-;;;;;;;;;;;;;1707914683053146624;3210338502989150733;13989401930694141866;VafSJJs3ydqzwgVtyMB4Q9tzg4JGeIFhhvG6BoNwoqMOfYp0xT;xUb;9f0;1
91;81;12217;0;331;MTXCREFD;0;;911;1707914683053915136;12420583330731946065;K2CDWMTXCREFD;-;;;;;;;;;;;;;1707914683053915136;12420583330731946065;11289739795491586722;YdIs1o6SRkiRb3yRs4yxBqrEJRnYgogZWGkgECmraRsr6VKkAV;bg5;THU;1
91;81;12217;0;331;MTXCREFD;0;;912;1707914683054689024;6620558788279425062;K2CDWMTXCREFD;-;;;;;;;;;;;;;1707914683054689024;6620558788279425062;3488195717353912299;fdb0oQSgIiULFaqkTxBK4QEabnm5IDATNNPgvBELNoWchjxrwx;RzR;CP4;1
91;81;12217;0;331;MTXCREFD;0;;913;1707914683055464704;12586125519670211980;K2CDWMTXCREFD;-;;;;;;;;;;;;;1707914683055464704;12586125519670211980;1345990228987771597;pwwR4Fiw3t1lVxJkIXVA6N8ZqYK8UqogJtjc43evXOjCvkngCn;vym;zm8;1
91;81;12217;0;331;MTXCREFD;0;;914;1707914683056246272;18007257915761006599;K2CDWMTXCREFD;-;;;;;;;;;;;;;1707914683056246272;18007257915761006599;6348033807390830417;FyTPGaKeayywVjSJSXaTlZpBuYNzRIfFOl9jS1DhPLboopL568;58p;Ww4;1
91;81;12217;0;331;MTXCREFD;0;;915;1707914683057034240;2396323962448992971;K2CDWMTXCREFD;-;;;;;;;;;;;;;1707914683057034240;2396323962448992971;14954839389638345005;fKYPo0fKuIetealdaOjIFfL552bnQGtj33FdggBqn4dICfW86s;mBs;WnF;1
91;81;12217;0;331;MTXCREFD;0;;916;1707914683057815552;4096496363029890359;K2CDWMTXCREFD;-;;;;;;;;;;;;;1707914683057815552;4096496363029890359;17089428787051195682;sSSPftJ94agZ12VhqKfWMPWMujcM5k29jdTMDeYWdYztXSOdEe;yji;kr0;1
91;81;12217;0;331;MTXCREFD;0;;917;1707914683058596352;16842116041662662761;K2CDWMTXCREFD;-;;;;;;;;;;;;;1707914683058596352;16842116041662662761;9134357058107720774;ewsiD2b7BNPTFx1AfnCgIkEsznPNkLiTiFmVxpli31LexibQdE;Mjl;8d8;1
91;81;12217;0;331;MTXCREFD;0;;918;1707914683059368960;8852562964247578895;K2CDWMTXCREFD;-;;;;;;;;;;;;;1707914683059368960;8852562964247578895;14844396086632900111;UzPCxpB3f1ycd0PoM4xaOl9xC75ObMHneTI6UjQwVNZoLCouLP;wrJ;Hbz;1
91;81;12217;0;331;MTXCREFD;0;;919;1707914683060146688;12049627107667163140;K2CDWMTXCREFD;-;;;;;;;;;;;;;1707914683060146688;12049627107667163140;14008253402343470780;veVXoy8Hc8DWFwOtYLS5jBBmtpEesN2SrH8kArDjbvvRTfyWw7;Dez;UIY;1
91;81;12217;0;331;MTXCREFD;0;;920;1707914683060922368;14595179983120137136;K2CDWMTXCREFD;-;;;;;;;;;;;;;1707914683060922368;14595179983120137136;1684103026810958487;3J13liCLENIgS4qJ0OPz1yU0vYcaOkOx0JM12yxTljHvTltHzH;NSP;Ia1;1
91;81;12217;0;331;MTXCREFD;0;;921;1707914683061701120;12733131509671541785;K2CDWMTXCREFD;-;;;;;;;;;;;;;1707914683061701120;12733131509671541785;7245246735088444335;ySiRSOQVR9zPPqCXF3uDpMwoiGySCXNQiglfof57m158lZ6rOl;KVX;Bby;1
91;81;12217;0;331;MTXCREFD;0;;922;1707914683062468864;15411172792131452509;K2CDWMTXCREFD;-;;;;;;;;;;;;;1707914683062468864;15411172792131452509;14267245246666078764;c2jvRhOHnN2YAF8L56I0ax3Hxr8NotjLRJD67YxJHf12QzSD37;Sfi;9FX;1
91;81;12217;0;331;MTXCREFD;0;;923;1707914683063240960;15475373125787391239;K2CDWMTXCREFD;-;;;;;;;;;;;;;1707914683063240960;15475373125787391239;1519501287346532603;mFGdnH5Nz6h8AgGuLmt17S7xzPMWPKZNqLve19t5gqAx46PPzT;yVb;7n6;1
91;81;12217;0;331;MTXCREFD;0;;924;1707914683064011776;7862743767576569218;K2CDWMTXCREFD;-;;;;;;;;;;;;;1707914683064011776;7862743767576569218;8974496779513240755;Sqwu7wmeBwzFYa7JkYR49ODLX5JwGpg4QcJlgLogq2JV4Nz4Br;pI7;tCy;1
91;81;12217;0;331;MTXCREFD;0;;925;1707914683064795904;3950505045233695371;K2CDWMTXCREFD;-;;;;;;;;;;;;;1707914683064795904;3950505045233695371;6607186313916536829;1w49gSxzfNPkb75va4OrnWuHuQrK5NvOelTqyhcSxZRTKEYv21;WmD;zjy;1
91;81;12217;0;331;MTXCREFD;0;;926;1707914683065570304;13264264316296724801;K2CDWMTXCREFD;-;;;;;;;;;;;;;1707914683065570304;13264264316296724801;11549702366924222765;6aj79gQZX00lbg4hs3bNKykNh40iJHyLudHyDObqUybhgNNVGw;wSP;SQp;1
91;81;12217;0;331;MTXCREFD;0;;927;1707914683066345472;12002480671803061111;K2CDWMTXCREFD;-;;;;;;;;;;;;;1707914683066345472;12002480671803061111;12402028966873459730;EebKrCYBkAX0mvfsVTvbTvvg8l0QZbwt4XnJxLpB3A6Mo6kRq8;sNg;tsa;1
91;81;12217;0;331;MTXCREFD;0;;928;1707914683067116032;15367197051622654455;K2CDWMTXCREFD;-;;;;;;;;;;;;;1707914683067116032;15367197051622654455;6943049160471858850;2WX1VvClu4mHtspOa141RIAimlsAvU9QopHQyHVfB4KI9z1Ors;b8I;BGf;1
91;81;12217;0;331;MTXCREFD;0;;929;1707914683067886080;13989106302370128464;K2CDWMTXCREFD;-;;;;;;;;;;;;;1707914683067886080;13989106302370128464;7353388047797219397;F2xQbh96M6y3xX2ZZ5irK1SLsiWzl2LBQnTup7CxpVjo0V4KMx;XZV;Q4b;1
91;81;12217;0;331;MTXCREFD;0;;930;1707914683068652544;7220820432082001046;K2CDWMTXCREFD;-;;;;;;;;;;;;;1707914683068652544;7220820432082001046;503881851477548028;AirDffwoLk8D1RfadTqkpMfQIoqWbwaKYok5Oyoj2Fj4YsIeDg;8Eu;H3N;1
91;81;12217;0;331;MTXCREFD;0;;931;1707914683069424128;645352579715966071;K2CDWMTXCREFD;-;;;;;;;;;;;;;1707914683069424128;645352579715966071;2672736015731277877;dcKAZI7Rd5bPnLSHIl7VMwAaE1CzmnfeXcn8S8qpvKEhHkjmRU;7G5;tpd;1
91;81;12217;0;331;MTXCREFD;0;;932;1707914683070203136;13277912595456072072;K2CDWMTXCREFD;-;;;;;;;;;;;;;1707914683070203136;13277912595456072072;2647206625577293402;Hh0UHQ1z2to46BtVkc5CZLUumCafyqFFLJqYXO58dmlsQrhZSJ;cVZ;HCN;1
91;81;12217;0;331;MTXCREFD;0;;933;1707914683070983168;5761360424817798454;K2CDWMTXCREFD;-;;;;;;;;;;;;;1707914683070983168;5761360424817798454;10033487574908421763;hTDAHzcncwVahBFSlTStbA2nqEKGBaQ6kA0R547hMmiUu8S991;vN9;eIZ;1
91;81;12217;0;331;MTXCREFD;0;;934;1707914683071752704;16967690392774621378;K2CDWMTXCREFD;-;;;;;;;;;;;;;1707914683071752704;16967690392774621378;17066159453412866732;N36zXIDSw3M5EI8UAJVX3x7LYxEncJ23yN3zwt6um0lX4Kkzad;5jp;Bgh;1
91;81;12217;0;331;MTXCREFD;0;;935;1707914683072520192;558464426200616281;K2CDWMTXCREFD;-;;;;;;;;;;;;;1707914683072520192;558464426200616281;3984684783807631336;GPBldqqMY0h5PX8NxJHi2E2eAKpvqU6gvwYQIjaE7AYPQPlSzc;2D7;np2;1
91;81;12217;0;331;MTXCREFD;0;;936;1707914683073286400;16778679640966995705;K2CDWMTXCREFD;-;;;;;;;;;;;;;1707914683073286400;16778679640966995705;12049469046368858636;Wk08hjQMMmi2R30RjmUpDjfnHsySjeyr9CUh1rBDMcPg2JIL50;lX3;CZP;1
91;81;12217;0;331;MTXCREFD;0;;937;1707914683074062080;6447654675568583697;K2CDWMTXCREFD;-;;;;;;;;;;;;;1707914683074062080;6447654675568583697;12384566080302242952;zwS2S48kTgK2ylcMXZfBxXQGmJzHK5cLS6UWX3hGhOxgF0UCJ0;8PP;WRi;1
91;81;12217;0;331;MTXCREFD;0;;938;1707914683074839808;7501506628000759081;K2CDWMTXCREFD;-;;;;;;;;;;;;;1707914683074839808;7501506628000759081;15537235356688277947;nSup5dYuc77g6eTSr9DwEr7mpmhAYGPpiW2VbDNGwWMqmFAVjU;JX5;8KK;1
91;81;12217;0;331;MTXCREFD;0;;939;1707914683075612160;3888492690896855909;K2CDWMTXCREFD;-;;;;;;;;;;;;;1707914683075612160;3888492690896855909;4223234672250520649;JRijslAMkpf3TDIZ0pnFEMhhUWUGDhipDhjBK8V2vn7w5UrOhy;dNL;Ax8;1
91;81;12217;0;331;MTXCREFD;0;;940;1707914683076387072;14631137731517898135;K2CDWMTXCREFD;-;;;;;;;;;;;;;1707914683076387072;14631137731517898135;4758711836148630388;aWzWKGbrFr9vWwi2KJ2Q0vcw12n19xzRSP7xn2yxMmKZPWe2fm;Lzl;N1G;1
91;81;12217;0;331;MTXCREFD;0;;941;1707914683077170432;6631692064577008734;K2CDWMTXCREFD;-;;;;;;;;;;;;;1707914683077170432;6631692064577008734;16486795387958219428;yIxpbkYx1ojVh0ywbleKun7VGPFai9SwbnNMFx7rUQLu0WF8le;nE2;BMt;1
91;81;12217;0;331;MTXCREFD;0;;942;1707914683077942784;16701707876137778257;K2CDWMTXCREFD;-;;;;;;;;;;;;;1707914683077942784;16701707876137778257;85261206179387719;1PB17gkehcecbbhOTcSLieCA7j0CC16vL4Wwz6DqA8pDknvSvG;6vN;S3t;1
91;81;12217;0;331;MTXCREFD;0;;943;1707914683078710528;17023952785817183673;K2CDWMTXCREFD;-;;;;;;;;;;;;;1707914683078710528;17023952785817183673;10495232432961275111;xg6wnNMPj1UzdgrKZioUeMKOtsY1QfugJKggbA3AWe50At2hL9;Pw2;X4D;1
91;81;12217;0;331;MTXCREFD;0;;944;1707914683079476480;35239708775534915;K2CDWMTXCREFD;-;;;;;;;;;;;;;1707914683079476480;35239708775534915;6754307486315910539;ioJX3ZYN4etAX3eqc3SwrcoyP8RSduxFI4GoxgUgjTkepLrkhx;cQA;nuZ;1
91;81;12217;0;331;MTXCREFD;0;;945;1707914683080257024;12611563821065108542;K2CDWMTXCREFD;-;;;;;;;;;;;;;1707914683080257024;12611563821065108542;10031949927204054441;cnfxs7jeVbAwzHOknnZK28DS0jSaeF8UKGJmcUu2UbE8vS2PPq;b3D;yMT;1
91;81;12217;0;331;MTXCREFD;0;;946;1707914683081026816;8043693943660049551;K2CDWMTXCREFD;-;;;;;;;;;;;;;1707914683081026816;8043693943660049551;12704997584485591828;uUHcJ101WwOBhcyFi3psUtYZe2vqYizHVcBvFIiaGVvu3eyd26;6Pl;bMK;1
91;81;12217;0;331;MTXCREFD;0;;947;1707914683081800448;14355043707779750470;K2CDWMTXCREFD;-;;;;;;;;;;;;;1707914683081800448;14355043707779750470;2204283754705243005;kJWCPZ51Cgyiv2l4bHbW5xyotFl84AqiFvSYNwn54O5kWOov1Z;Vdl;jab;1
91;81;12217;0;331;MTXCREFD;0;;948;1707914683082566656;3074468646905748326;K2CDWMTXCREFD;-;;;;;;;;;;;;;1707914683082566656;3074468646905748326;9829027326207586491;LC7VHCz793TFin6SWXD5M2UX53qZUNeUfpxI0IkFBo7K9GuTib;pws;8A3;1
91;81;12217;0;331;MTXCREFD;0;;949;1707914683083336192;6817383855062347634;K2CDWMTXCREFD;-;;;;;;;;;;;;;1707914683083336192;6817383855062347634;14765208203749287555;qysEZ7kBZS6yZFSH17qvMJqHumgclgJPp6NmpgkwimEYMoNhqh;5W5;WjG;1
91;81;12217;0;331;MTXCREFD;0;;950;1707914683084107264;8677168429164610352;K2CDWMTXCREFD;-;;;;;;;;;;;;;1707914683084107264;8677168429164610352;14900480184042118747;0Lk2E6BIi65WezTfDRDD1geyGkfzNEMLMif0aYmNrQ0Um8G9nx;bwB;LGK;1
91;81;12217;0;331;MTXCREFD;0;;951;1707914683084889600;8258527744076712208;K2CDWMTXCREFD;-;;;;;;;;;;;;;1707914683084889600;8258527744076712208;8697968886183215745;1BHSKp5ERdJorRP4cKHxkc8XLufLOrAK6DBVuiwHaps0zQnKPg;ADT;5W8;1
91;81;12217;0;331;MTXCREFD;0;;952;1707914683085653760;13128879895376644806;K2CDWMTXCREFD;-;;;;;;;;;;;;;1707914683085653760;13128879895376644806;8270175994351172443;dz3mcZlniFXCnW6IifhPNDMNneTFq5FMjVw8U5D4No322CVQTi;xHF;X2D;1
91;81;12217;0;331;MTXCREFD;0;;953;1707914683086426112;4862676081076205688;K2CDWMTXCREFD;-;;;;;;;;;;;;;1707914683086426112;4862676081076205688;10749270921204763593;bZ5iqJYWeojjBni99ffMCTSKSp1hI9lvgCIEgyPEhAkwnYG5tJ;luf;LAU;1
91;81;12217;0;331;MTXCREFD;0;;954;1707914683087192832;10260120227433697529;K2CDWMTXCREFD;-;;;;;;;;;;;;;1707914683087192832;10260120227433697529;4875584069363258396;x6LrKbuqW2wBW7FDLobH95NPX9clq6dqgHsQ5JhOjPfPAuiGko;SvH;hZj;1
91;81;12217;0;331;MTXCREFD;0;;955;1707914683087964160;5470650307040268545;K2CDWMTXCREFD;-;;;;;;;;;;;;;1707914683087964160;5470650307040268545;6374920682434928662;cVNJHbmxTOTc3WyHhCKChNtXFGZKrk4y0m91qQmh8ka5ZyYmfN;6G8;iWd;1
91;81;12217;0;331;MTXCREFD;0;;956;1707914683088739072;2213497436083579198;K2CDWMTXCREFD;-;;;;;;;;;;;;;1707914683088739072;2213497436083579198;16972942873508014112;SnJPHjzFuHHnT1sXVehNWSVlIe6MrsruQIDOZe7b6qXzGzwTjq;tnc;HA2;1
91;81;12217;0;331;MTXCREFD;0;;957;1707914683089511680;594231475633105317;K2CDWMTXCREFD;-;;;;;;;;;;;;;1707914683089511680;594231475633105317;10241369110350699273;h3prSuf0YAvzhq9fiDBT2U63JkIzHDiKne8Gh29xdfM7UguFY7;C5R;K5C;1
91;81;12217;0;331;MTXCREFD;0;;958;1707914683090283008;8630818330060627435;K2CDWMTXCREFD;-;;;;;;;;;;;;;1707914683090283008;8630818330060627435;11212102613346958356;3PxoQn00R8hwsqDUPaRYaq50oYPq5VAe58ejSPvPCKovmylPBg;eyZ;cA6;1
91;81;12217;0;331;MTXCREFD;0;;959;1707914683091053824;8427717604717129749;K2CDWMTXCREFD;-;;;;;;;;;;;;;1707914683091053824;8427717604717129749;7166128385268141921;fCOnbzuWwMwggEzpj2wUy2ystWE0ktFHQ9MRYDeuDDA7VlnjWf;dpm;O66;1
91;81;12217;0;331;MTXCREFD;0;;960;1707914683091820544;17494858693830636026;K2CDWMTXCREFD;-;;;;;;;;;;;;;1707914683091820544;17494858693830636026;18365042749087024937;XOG9R1RDmp7GQYExjP8abJNPDJtud5A7nhZx5P8BoNty8g1um7;IeC;SX9;1
91;81;12217;0;331;MTXCREFD;0;;961;1707914683092594176;14393071861740167704;K2CDWMTXCREFD;-;;;;;;;;;;;;;1707914683092594176;14393071861740167704;18381484239086070860;syry55LB9laDQoTzV34nj7sbktlm7zb334Ki5n8mXfVeBOelom;bLY;bHe;1
91;81;12217;0;331;MTXCREFD;0;;962;1707914683093371392;17954263254581759857;K2CDWMTXCREFD;-;;;;;;;;;;;;;1707914683093371392;17954263254581759857;158918469609231434;IiHMgzxL7aXT0I6Vo9DpddoDKqDkHJ3IKIfDqW73SE8oF7apDV;dFZ;vR9;1
91;81;12217;0;331;MTXCREFD;0;;963;1707914683094149888;7731242594611987721;K2CDWMTXCREFD;-;;;;;;;;;;;;;1707914683094149888;7731242594611987721;7119045234097347685;wr1qsXMWqca0HIXiNfR0ZEsIuFqW8O6Pb1JdTeVJ0Wxp1dHOzL;gwl;mvo;1
91;81;12217;0;331;MTXCREFD;0;;964;1707914683094928384;6600129707113865562;K2CDWMTXCREFD;-;;;;;;;;;;;;;1707914683094928384;6600129707113865562;12358923912409257319;xVYhLyT3T0iVoPySbzkyNrILdl4gd95Uz8KU6h8g5hVjSqXUJj;MpQ;MiI;1
91;81;12217;0;331;MTXCREFD;0;;965;1707914683095698432;16274736412399524761;K2CDWMTXCREFD;-;;;;;;;;;;;;;1707914683095698432;16274736412399524761;4043857884112914845;7hEeGiAkFWbMWQxpkH4Z9hAJJZVKq3asMPE9B96TM9Xr9oZj5C;2zy;egn;1
91;81;12217;0;331;MTXCREFD;0;;966;1707914683096465920;8787781464434629012;K2CDWMTXCREFD;-;;;;;;;;;;;;;1707914683096465920;8787781464434629012;3134728988550097045;Ho95YIol56lIoMjRY7pVcjVBHdHkuwi0rVngtqab4qwWk8cGSm;ALd;Uit;1
91;81;12217;0;331;MTXCREFD;0;;967;1707914683097237760;11657742098812080126;K2CDWMTXCREFD;-;;;;;;;;;;;;;1707914683097237760;11657742098812080126;13216781669504793811;LbjAO7yypzfGG8tcuX7DiB3nAzyDwez6Z9FA7fRRycArQbi1my;9In;bXV;1
91;81;12217;0;331;MTXCREFD;0;;968;1707914683098014976;15993473866550131102;K2CDWMTXCREFD;-;;;;;;;;;;;;;1707914683098014976;15993473866550131102;13347997867135558082;BB9FUlfFNorOO3CXQ0w7dS3RHNeMbwOZtguOOk9HL3u7COVkqI;Rie;bNS;1
91;81;12217;0;331;MTXCREFD;0;;969;1707914683098798080;13246551182539917809;K2CDWMTXCREFD;-;;;;;;;;;;;;;1707914683098798080;13246551182539917809;3746264643809165343;6vShYcYxuxBDlPS4kwxP6NQxN1Kifu3jcpng91F0HxoHBRTHMg;Ogg;PD6;1
91;81;12217;0;331;MTXCREFD;0;;970;1707914683099567360;15978827756282606503;K2CDWMTXCREFD;-;;;;;;;;;;;;;1707914683099567360;15978827756282606503;6920330984590068873;jS6WYkvCt937I1qIEyOV4H3VEYcyVaPihMG9wGYnzuDOEST0SY;DNu;319;1
91;81;12217;0;331;MTXCREFD;0;;971;1707914683100346112;8476627631131215315;K2CDWMTXCREFD;-;;;;;;;;;;;;;1707914683100346112;8476627631131215315;5928421941019460828;TIhyh3ixinLa85t8KYptBGFQ5wkagckdj1w8Ty26dfMkxqq9Ty;JN3;JjK;1
91;81;12217;0;331;MTXCREFD;0;;972;1707914683101118208;2211083743298271570;K2CDWMTXCREFD;-;;;;;;;;;;;;;1707914683101118208;2211083743298271570;6451257827574197503;9ElIoTpGiwI1suKgtjfWuHKL12IAexERLROkYDi3OZvQCooWEQ;e77;bx4;1
91;81;12217;0;331;MTXCREFD;0;;973;1707914683101894912;11214616056147665116;K2CDWMTXCREFD;-;;;;;;;;;;;;;1707914683101894912;11214616056147665116;17909618495847119531;bOtaRCWqBEJ2FFRLZAR1Ja2IFJHVJeBn0aiI4hAmemu0UzqRZ2;hIC;Ipo;1
91;81;12217;0;331;MTXCREFD;0;;974;1707914683102668544;13623625565033377893;K2CDWMTXCREFD;-;;;;;;;;;;;;;1707914683102668544;13623625565033377893;8083958228402817865;Ne0V7M9iKd6CP6EtRP2EKUCg4peVkwNENVGx6v3h04KX0JKvGO;BSZ;WG5;1
91;81;12217;0;331;MTXCREFD;0;;975;1707914683103443456;7575532996454060271;K2CDWMTXCREFD;-;;;;;;;;;;;;;1707914683103443456;7575532996454060271;17243283882865932051;WPsEADvkxdaXc4egQGtZnv6ugHe0KIzmW0q6GXE1VPJxoluO5k;UAU;n2Z;1
91;81;12217;0;331;MTXCREFD;0;;976;1707914683104218624;14951145800281069087;K2CDWMTXCREFD;-;;;;;;;;;;;;;1707914683104218624;14951145800281069087;8487112375449299964;Qc27JqNtKx4WalThgpBBhUjVN3l1Dj4m6Mp5eZ0SoJhhD9ntsV;bRN;J4Q;1
91;81;12217;0;331;MTXCREFD;0;;977;1707914683104998912;1566754783441833302;K2CDWMTXCREFD;-;;;;;;;;;;;;;1707914683104998912;1566754783441833302;3011095776341608172;T1nL1AyxPAj1NHs8PKLMZkMKmazUJDswB3h6bXkP8qRIxYrkR9;HG8;3Tq;1
91;81;12217;0;331;MTXCREFD;0;;978;1707914683105769984;11692798579467288766;K2CDWMTXCREFD;-;;;;;;;;;;;;;1707914683105769984;11692798579467288766;7559524808094681898;jxjZCdhYSbFHkXeO8Iqy8jsdAbWpW3KTYAFFA4OjFg8HxtiEOo;gy9;iZ5;1
91;81;12217;0;331;MTXCREFD;0;;979;1707914683106536448;12919639855191384516;K2CDWMTXCREFD;-;;;;;;;;;;;;;1707914683106536448;12919639855191384516;632711412661315680;ybcTVGtnIEdGCZr21ROW3cDJ3s2qKegOyMQYF0B8yV98uEfxdP;ChM;YKJ;1
91;81;12217;0;331;MTXCREFD;0;;980;1707914683107309056;12742149822403990398;K2CDWMTXCREFD;-;;;;;;;;;;;;;1707914683107309056;12742149822403990398;14309223852577553260;r5Lh9hXAcLU4qjrk8R4jTJ3m2Z2MdoUFuw8KUykvkFTvJqNZZ6;ev1;2kX;1
91;81;12217;0;331;MTXCREFD;0;;981;1707914683108078336;4295182810886823851;K2CDWMTXCREFD;-;;;;;;;;;;;;;1707914683108078336;4295182810886823851;12908475290641383476;9nZ9JmKeXlFW4SnXRSC2uKfRqSDViQwHJJoeRlunK8zvZjqRJS;Wwo;Pvr;1
91;81;12217;0;331;MTXCREFD;0;;982;1707914683108845312;4370167432441367693;K2CDWMTXCREFD;-;;;;;;;;;;;;;1707914683108845312;4370167432441367693;7111146613244439958;EV9rdXH32SC5c6mDaZGzbSC93lspiU4gZWUKPH3AobDaJ2fhEE;oAq;QhX;1
91;81;12217;0;331;MTXCREFD;0;;983;1707914683109617664;533480732282311700;K2CDWMTXCREFD;-;;;;;;;;;;;;;1707914683109617664;533480732282311700;11381512875736636949;SLBONLgGOWUzM5ZLFWzmXVR96rNj1nuJHiwBJGa7HyVqT3tcLV;gJ9;xLk;1
91;81;12217;0;331;MTXCREFD;0;;984;1707914683110390016;5459170221136937526;K2CDWMTXCREFD;-;;;;;;;;;;;;;1707914683110390016;5459170221136937526;3762202938882157603;KCLQJW6tCprQW7TUcaJwp3Wt53Y5q7GekphC1fdfHmVsWeG1E5;osb;Hjt;1
91;81;12217;0;331;MTXCREFD;0;;985;1707914683111167488;13724054161211156038;K2CDWMTXCREFD;-;;;;;;;;;;;;;1707914683111167488;13724054161211156038;10571843412124374016;GxgfKKHfu1fCNOBpIvJPxlxwrAHbRlqMwFu6YHf0ZJDvH8SWGg;7Xc;Eiz;1
91;81;12217;0;331;MTXCREFD;0;;986;1707914683111940608;1948565517870557438;K2CDWMTXCREFD;-;;;;;;;;;;;;;1707914683111940608;1948565517870557438;14237023890104330477;ZxnxbiUV5gOJ7wiTRseaGCXwzK6BKFifILvawoB6J2sBs5OWPs;7Df;3an;1
91;81;12217;0;331;MTXCREFD;0;;987;1707914683112724224;5855717821468931924;K2CDWMTXCREFD;-;;;;;;;;;;;;;1707914683112724224;5855717821468931924;10531170735946024654;lnYqJk7rsGTxcqTYIJ7Ld60LmMJMbfMLij8G86A3cnm5wHfHd6;960;95e;1
91;81;12217;0;331;MTXCREFD;0;;988;1707914683113496832;17194724875392376035;K2CDWMTXCREFD;-;;;;;;;;;;;;;1707914683113496832;17194724875392376035;8543603251039948890;YSDMq3cjxQOPOTl5iNvRlr3dIZYogDWWy3HLKaCP2R4CxolwJj;0Pt;BTk;1
91;81;12217;0;331;MTXCREFD;0;;989;1707914683114271488;1940072405646725552;K2CDWMTXCREFD;-;;;;;;;;;;;;;1707914683114271488;1940072405646725552;6348926486076222108;TWMiQVBE5N1COOzsYvtzhZly8Ay75Yjls2puEeitXHc6sn3mTo;1Y9;EQA;1
91;81;12217;0;331;MTXCREFD;0;;990;1707914683115041536;11611053158314597002;K2CDWMTXCREFD;-;;;;;;;;;;;;;1707914683115041536;11611053158314597002;7577495558884533071;p659YpHsVqMc6y9JhdZ1tKYlTr32wzkaJcaEaOLStsMwT9n0zw;0M9;vG2;1
91;81;12217;0;331;MTXCREFD;0;;991;1707914683115815936;8206899926921690805;K2CDWMTXCREFD;-;;;;;;;;;;;;;1707914683115815936;8206899926921690805;11190672542551686088;oeY9Ivp9RAHAASKyaLeUtGBz5TdulUkiueDH69lsuToW03sZxv;MQY;jBe;1
91;81;12217;0;331;MTXCREFD;0;;992;1707914683116586752;16515551978210361137;K2CDWMTXCREFD;-;;;;;;;;;;;;;1707914683116586752;16515551978210361137;7986384250475791523;kBiWWQ1L569gajz5ENg7yH6rNgTV75cKBe5iIYOVQwuPjSY7yy;WW4;vuJ;1
91;81;12217;0;331;MTXCREFD;0;;993;1707914683117362432;1222928505499082919;K2CDWMTXCREFD;-;;;;;;;;;;;;;1707914683117362432;1222928505499082919;16870502804351780398;eGGWdlhzOEOk2fNkKdiGKgIzH2jCZyJLD62Rp7WuuMvzLrmRJU;Sb5;bPf;1
91;81;12217;0;331;MTXCREFD;0;;994;1707914683118130688;12583637348729672940;K2CDWMTXCREFD;-;;;;;;;;;;;;;1707914683118130688;12583637348729672940;5589232455466694243;dFyJGWSjXkBI1Ie5O29pFUh1VBcoDVBfxU8afNzzWJuCb0hW3C;yLT;zdQ;1
91;81;12217;0;331;MTXCREFD;0;;995;1707914683118908928;14812505949812759155;K2CDWMTXCREFD;-;;;;;;;;;;;;;1707914683118908928;14812505949812759155;1402135094944224885;w8zCaalpr9kZPlGDQ6P29AfB7saAKoyEgJuI1RJsLYeIKHkbjh;BI7;0No;1
91;81;12217;0;331;MTXCREFD;0;;996;1707914683119675648;328400012669318671;K2CDWMTXCREFD;-;;;;;;;;;;;;;1707914683119675648;328400012669318671;9350475655772005275;gDVCt5WhOtKZuZOr1Z6bDB5JmtDR9ZTLwM9pJ5HNujAsN8RkCB;fcx;3Fj;1
91;81;12217;0;331;MTXCREFD;0;;997;1707914683120452608;45035580565996835;K2CDWMTXCREFD;-;;;;;;;;;;;;;1707914683120452608;45035580565996835;8675869077364310872;GSWuqAbIaA2BpxwK7ATIbh9pus9KMO412ihMsglfiUywUPqFhM;lGJ;xLJ;1
91;81;12217;0;331;MTXCREFD;0;;998;1707914683121223424;417451606360500145;K2CDWMTXCREFD;-;;;;;;;;;;;;;1707914683121223424;417451606360500145;11825302435362212374;VJfyfRe3LMVmiyWCkARmFuIz7Wer3GfaPxctTq6esF1qlVUjSd;fHh;yIh;1
91;81;12217;0;331;MTXCREFD;0;;999;1707914683122000128;6466065113632858881;K2CDWMTXCREFD;-;;;;;;;;;;;;;1707914683122000128;6466065113632858881;5235897580766984875;QYOdYNPhcR0UCYHfBEXqot5hACBDWRjNhR1N7k2voILN4di2sj;ao7;zYy;1
91;81;12217;0;331;MTXCREFD;0;;1000;1707914683122768640;6370595986204304384;K2CDWMTXCREFD;-;;;;;;;;;;;;;1707914683122768640;6370595986204304384;8516802176798124685;eNf0lJVLmdN86vtqKG8UplwUlOFl0RolFIbwuKNO5ETT0NDR4I;JvP;YOJ;1
91;81;12217;0;331;MTXCREFD;0;;1001;1707914683123535104;13729378549841080743;K2CDWMTXCREFD;-;;;;;;;;;;;;;1707914683123535104;13729378549841080743;12865096469217753832;tywJ0PNmLPZYh7S9lKLWUDNRFVwpEu9QuK8tW06pB4zcTVpXnW;fUk;W14;1
91;81;12217;0;331;MTXCREFD;0;;1002;1707914683124301824;4154951185496035810;K2CDWMTXCREFD;-;;;;;;;;;;;;;1707914683124301824;4154951185496035810;2247753021498531545;WSq2DnqRHo3dKeXjhMcMO7My9bbNfw5Yype54L9Ygp198us1Oy;dDT;99B;1
91;81;12217;0;331;MTXCREFD;0;;1003;1707914683125079808;2982442700766510412;K2CDWMTXCREFD;-;;;;;;;;;;;;;1707914683125079808;2982442700766510412;5401820104503233047;XVFxMc7yW9OTpLvoc5KMbbEAxAis8NX2IvmCB8KyjSfUqDBccQ;04x;4eL;1
91;81;12217;0;331;MTXCREFD;0;;1004;1707914683125853696;3555397242143369075;K2CDWMTXCREFD;-;;;;;;;;;;;;;1707914683125853696;3555397242143369075;10667438905505490343;g1kUXU1OC1y7LyPB3YZEQvvTxbiHbtQN5yEVTeE1OMikBqUuzO;yXX;UNi;1
91;81;12217;0;331;MTXCREFD;0;;1005;1707914683126629120;14979636625008257789;K2CDWMTXCREFD;-;;;;;;;;;;;;;1707914683126629120;14979636625008257789;12063537910346831306;TCvNlU4OMdwQPNBhAW3pemqxRmOuR91fbPcwce1BPBEKBAIeVz;Ii1;Jgv;1
91;81;12217;0;331;MTXCREFD;0;;1006;1707914683127403776;5581064466160253241;K2CDWMTXCREFD;-;;;;;;;;;;;;;1707914683127403776;5581064466160253241;9854776185369919950;a6q81K7Ut7LIdp3BusfTmXJ7BHTsJay9S6Gc28H8vdWSss1m7O;BE7;Vzd;1
91;81;12217;0;331;MTXCREFD;0;;1007;1707914683128180736;17366895452911529354;K2CDWMTXCREFD;-;;;;;;;;;;;;;1707914683128180736;17366895452911529354;16593164742452793712;uNtVKDgFaNFw1B15XKmGKgSQ9zBrdm5CXVzK1YYFdTlraa26pR;WhC;taA;1
91;81;12217;0;331;MTXCREFD;0;;1008;1707914683128951296;17938037410157892998;K2CDWMTXCREFD;-;;;;;;;;;;;;;1707914683128951296;17938037410157892998;7414845309135348216;M8uz7suIdHokZ07220qOZ0xcwLdakXScO5bIKa4mW8siTRM9iT;K55;MMx;1
91;81;12217;0;331;MTXCREFD;0;;1009;1707914683129721856;10395369687738074078;K2CDWMTXCREFD;-;;;;;;;;;;;;;1707914683129721856;10395369687738074078;2230077604364452685;ngSxClZslV4LbqX1vCC5OKsKNJtbdSwEsIv3ooOyDHHjXu2exc;Xzo;McS;1
91;81;12217;0;331;MTXCREFD;0;;1010;1707914683130487552;5446157932543188898;K2CDWMTXCREFD;-;;;;;;;;;;;;;1707914683130487552;5446157932543188898;16740365032206330915;0H1UFJiXPcOxbSNo6raF4Jy6dbgSFAiU2Euv0SFGh4pzqohpnc;L3b;6kx;1
91;81;12217;0;331;MTXCREFD;0;;1011;1707914683131261696;1965960116286301569;K2CDWMTXCREFD;-;;;;;;;;;;;;;1707914683131261696;1965960116286301569;11894338599343121729;TnxPIVLheg6WeD9uSkAg5Blh2N6PwtWUVxMRNsXA2KKngVpTqo;02v;ZLU;1
91;81;12217;0;331;MTXCREFD;0;;1012;1707914683132030976;3493608033541548627;K2CDWMTXCREFD;-;;;;;;;;;;;;;1707914683132030976;3493608033541548627;6705061567640003534;N4eyb692g9Qop9zhDQ0GWZuB4YuyXnjzBmMAKElut2654dwqaS;ZvE;ZfF;1
91;81;12217;0;331;MTXCREFD;0;;1013;1707914683132802304;14114250848628613245;K2CDWMTXCREFD;-;;;;;;;;;;;;;1707914683132802304;14114250848628613245;18198235615615271541;GEam0IgrozoPwFYA1xftNr3a62WG7iBNuQZcyfrUgqXjyamuuu;zXP;Pvm;1
91;81;12217;0;331;MTXCREFD;0;;1014;1707914683133564928;14748995744281661370;K2CDWMTXCREFD;-;;;;;;;;;;;;;1707914683133564928;14748995744281661370;17950452092175793494;3CdQP48vJV40jO0eHgq6kKjcCHcDJqluI7RUJzLlTgzmvVr3h4;By6;1gb;1
91;81;12217;0;331;MTXCREFD;0;;1015;1707914683134345472;15912490628283531501;K2CDWMTXCREFD;-;;;;;;;;;;;;;1707914683134345472;15912490628283531501;14194093719416479225;gHetvi8FmJlLQc6wjvl0XccyvT4ep1hVOOYgNWydi2d3kDe77Q;gLB;7A9;1
91;81;12217;0;331;MTXCREFD;0;;1016;1707914683135115264;8811484798832201096;K2CDWMTXCREFD;-;;;;;;;;;;;;;1707914683135115264;8811484798832201096;6925049873284996858;HTcJeLVPaUoUFHnmUJM99sg4bNsr8GMpyHzO7oo2PmRhiso2pZ;lZZ;I70;1
91;81;12217;0;331;MTXCREFD;0;;1017;1707914683135895296;15281597371721947078;K2CDWMTXCREFD;-;;;;;;;;;;;;;1707914683135895296;15281597371721947078;9245500774492738;S4G0USOFrilvkTcwCGmEhqzWr7KqnYMi2B28rWk7SbRNiBu61j;H9s;PnK;1
91;81;12217;0;331;MTXCREFD;0;;1018;1707914683136661248;15172488355828942503;K2CDWMTXCREFD;-;;;;;;;;;;;;;1707914683136661248;15172488355828942503;8921294384610299100;ju9bhDvwMgAbKAkeqBbriOJV32HvQfVax57G76JYNul35j1cqJ;x4O;SXq;1
91;81;12217;0;331;MTXCREFD;0;;1019;1707914683137435648;6510356055547222287;K2CDWMTXCREFD;-;;;;;;;;;;;;;1707914683137435648;6510356055547222287;13303626953587456147;MYCDSFrAx8xI6TA4DtbAKFlPPUekSpdC1snzTSXgeh9q1eQ4uA;xKi;rAl;1
91;81;12217;0;331;MTXCREFD;0;;1020;1707914683138212864;3780237732320828825;K2CDWMTXCREFD;-;;;;;;;;;;;;;1707914683138212864;3780237732320828825;15868379820202965230;Hgqvl3956t218RwOmvR5RSwi2Xbs8f3wDwW9gqmpXB50L3PBtN;HZQ;qus;1
91;81;12217;0;331;MTXCREFD;0;;1021;1707914683138987008;4186680240856217865;K2CDWMTXCREFD;-;;;;;;;;;;;;;1707914683138987008;4186680240856217865;8132553597357719656;regngO87M8KI56WG4cYxug5FliSwfeDSY13b289Zj2ojxaF806;iwZ;lHM;1
91;81;12217;0;331;MTXCREFD;0;;1022;1707914683139760128;4536268926715486765;K2CDWMTXCREFD;-;;;;;;;;;;;;;1707914683139760128;4536268926715486765;10905814917745214333;AKdgooTDjJscdDUeKF9GysyR0QdUYRxVcDdlOx3XRj2JR8qgTQ;ZY1;Gla;1
91;81;12217;0;331;MTXCREFD;0;;1023;1707914683140528384;7298712925996324474;K2CDWMTXCREFD;-;;;;;;;;;;;;;1707914683140528384;7298712925996324474;15668753321614977702;aolzFcCGmeLQP2IxF4Z8JfwvbOShvgydpMW5sGE3rjTWk696iZ;PHm;Kmf;1
91;81;12217;0;331;MTXCREFD;0;;1024;1707914683141304576;10687001541640649430;K2CDWMTXCREFD;-;;;;;;;;;;;;;1707914683141304576;10687001541640649430;9455379351556309086;JyGSTU5S7lwrvyOb6hpE820Eqznj7L3giodNFiMYSDQihsckKP;Fay;opq;1
91;81;12217;0;331;MTXCREFD;0;;1025;1707914683142083584;10339478943960438776;K2CDWMTXCREFD;-;;;;;;;;;;;;;1707914683142083584;10339478943960438776;3284440445815889303;UQR59HoARahpx6B5NXMmU6LfJEu7ZS83imTnyks0cD5RUlR8do;vIz;d1p;1
91;81;12217;0;331;MTXCREFD;0;;1026;1707914683142849792;5856954581637403281;K2CDWMTXCREFD;-;;;;;;;;;;;;;1707914683142849792;5856954581637403281;13746272544264228600;KuuUcO2hEPXwSNghMXvHk65nW29ugEQmMayWEV11s8LpS952Sm;785;NrP;1
91;81;12217;0;331;MTXCREFD;0;;1027;1707914683143613696;2913538551238717391;K2CDWMTXCREFD;-;;;;;;;;;;;;;1707914683143613696;2913538551238717391;7952937679019622556;c3Ti7fnNuPSHBZ3jwD7rDQBlbVQ7SQEhxpU5pO7vBQ3ltGvbwW;uZA;y35;1
91;81;12217;0;331;MTXCREFD;0;;1028;1707914683144386048;4774948330521096544;K2CDWMTXCREFD;-;;;;;;;;;;;;;1707914683144386048;4774948330521096544;13208928668783281653;BYYIbDeMiToxM7bJjq01RrPIe3gyRCxvbgGCbh1WGKgEacpqNa;AMF;vQX;1
91;81;12217;0;331;MTXCREFD;0;;1029;1707914683145162496;2942647008917012914;K2CDWMTXCREFD;-;;;;;;;;;;;;;1707914683145162496;2942647008917012914;8226544751546981673;cLXoY3ew52sdCNIysiEpP88cTMBmy6gDEjaFVZnWdoWBOVVymB;Xan;VoS;1
91;81;12217;0;331;MTXCREFD;0;;1030;1707914683145935104;11448550245290364562;K2CDWMTXCREFD;-;;;;;;;;;;;;;1707914683145935104;11448550245290364562;8598183250167041369;Jmb93Gowcti5iDjjqe6dplGNO8sZFHRAMJy9c1KAaqaHT0gQKd;Kwk;xHs;1
91;81;12217;0;331;MTXCREFD;0;;1031;1707914683146708736;3813467487651085129;K2CDWMTXCREFD;-;;;;;;;;;;;;;1707914683146708736;3813467487651085129;11336780930503039579;twNNpokBq5mqe8HDJFux2HVC6gwJxnTQ5FuhqcEbIQdLKg10k6;aJh;Nwo;1
91;81;12217;0;331;MTXCREFD;0;;1032;1707914683147471872;18322619576366651125;K2CDWMTXCREFD;-;;;;;;;;;;;;;1707914683147471872;18322619576366651125;16648976573505855746;yIWeMKPsibL9TMguq1kFBy3UM9cvysnFKsJiA4gss8fBOLaMVg;ejs;p7e;1
91;81;12217;0;331;MTXCREFD;0;;1033;1707914683148245248;5251898190825408358;K2CDWMTXCREFD;-;;;;;;;;;;;;;1707914683148245248;5251898190825408358;10796881456333733157;8YbWWtVDwwZHACBEsyE5gaZms7Al0haivHp37HfN5loKljJ2kH;u9b;jn6;1
91;81;12217;0;331;MTXCREFD;0;;1034;1707914683149013504;2745350823986200312;K2CDWMTXCREFD;-;;;;;;;;;;;;;1707914683149013504;2745350823986200312;10353491162794115387;XDUPQKiOSPW4DJquuC2z86ZMdy3Mp4QuwbqRpVBfBvgzI64WzE;CUM;DqV;1
91;81;12217;0;331;MTXCREFD;0;;1035;1707914683149791744;17358019440858411301;K2CDWMTXCREFD;-;;;;;;;;;;;;;1707914683149791744;17358019440858411301;9682183842685284724;2RLWgXiLaErMTKc1gbHgieGl4SGJQLzheARkL6qaEdLDRjWDCa;x9Y;OCE;1
91;81;12217;0;331;MTXCREFD;0;;1036;1707914683150627584;6168961231462269445;K2CDWMTXCREFD;-;;;;;;;;;;;;;1707914683150627584;6168961231462269445;10428208634202112767;phebVQTfDtsFcGrS1pMJwRpXVJrs8t6uszpRBPKPXJhUvgq8Qi;MWN;Hbj;1
91;81;12217;0;331;MTXCREFD;0;;1037;1707914683151422208;10390724976821952100;K2CDWMTXCREFD;-;;;;;;;;;;;;;1707914683151422208;10390724976821952100;2634244457712483164;qp8lvoP2FGpeSePGMHrr42xnwJFXWRNoluOtIshJCaeSEFlGTw;dvs;6et;1
91;81;12217;0;331;MTXCREFD;0;;1038;1707914683152197888;15337218863907177132;K2CDWMTXCREFD;-;;;;;;;;;;;;;1707914683152197888;15337218863907177132;13899179300352222267;6hUYCGRI89RHvWTUEWUxs8Zhsgi3GnjuQiLSEYUciF0pewdrPe;Spg;4q1;1
91;81;12217;0;331;MTXCREFD;0;;1039;1707914683152971520;15635227546096078712;K2CDWMTXCREFD;-;;;;;;;;;;;;;1707914683152971520;15635227546096078712;9888191381098583709;5pUJ7uJ2q8d6Fm8JeaeATCJdRqj3srpckzGSQ79iPUnJ4GKTCq;1KO;csI;1
91;81;12217;0;331;MTXCREFD;0;;1040;1707914683153741568;17508546204683756666;K2CDWMTXCREFD;-;;;;;;;;;;;;;1707914683153741568;17508546204683756666;5577581510973186528;Gcaz9aOw7xd80NVsmKQesUaLZgx333jtKSVMgIkWW56KCVeE6T;Vfd;pTV;1
91;81;12217;0;331;MTXCREFD;0;;1041;1707914683154513408;3530973900546125127;K2CDWMTXCREFD;-;;;;;;;;;;;;;1707914683154513408;3530973900546125127;5126895203066381826;edfjfG9PC1CU1lCQn8WEO039IUDhUTnXMC9Yb2r6NVljf1UCMv;680;ZPj;1
91;81;12217;0;331;MTXCREFD;0;;1042;1707914683155287296;1612670401865823534;K2CDWMTXCREFD;-;;;;;;;;;;;;;1707914683155287296;1612670401865823534;16239121582225873485;JbkhVmDw5zYyqXTb8nOKxwcHwzG7kKEM5X0qvNzVJV1aWl4ArD;MOO;7sv;1
91;81;12217;0;331;MTXCREFD;0;;1043;1707914683156065536;15830739846036890500;K2CDWMTXCREFD;-;;;;;;;;;;;;;1707914683156065536;15830739846036890500;18207055171987004460;P0UlIYUjzDGQIRRBbcgcpXSyZ7VbbwMAuSh0D2qyyrKUO4oXIL;n3E;lQh;1
91;81;12217;0;331;MTXCREFD;0;;1044;1707914683156837120;2364415503467588215;K2CDWMTXCREFD;-;;;;;;;;;;;;;1707914683156837120;2364415503467588215;12181782769168653073;ef2AmU1UQOZElacvfYraZ1ecdiyTsmvhsceyNkmEtlaJ4OU14C;Gt3;5Pd;1
91;81;12217;0;331;MTXCREFD;0;;1045;1707914683157604096;4796926405886145747;K2CDWMTXCREFD;-;;;;;;;;;;;;;1707914683157604096;4796926405886145747;17521218623914592733;V7nXASFBrIJorZAFohDRRTV1dYhhCGxTLcl5xGDCsf18NZ7RpR;daY;1nJ;1
